runId,source,faultMode,result,guestBootId,driverSha256,ruleAllocations,ruleFrees,replacementAllocations,replacementFrees,inveptAttempts,inveptSucceeded,inveptFailed,operationBodyUs,allocateInitializeUs,commitDrainUs,retireDrainUs
page-fault-1-1-20260916T014529644Z,page-fault-1-1-20260916T014529644Z.json,1,pass,e4b22249-5b20-4048-b466-f308c7e04a85,3B44132F82FEBCE3FCDF059B697D938479B9F791A628C00B55BC2CF397D5D500,1,1,0,0,3360,3360,0,3.8,3.6,,
page-fault-1-2-20260916T014556850Z,page-fault-1-2-20260916T014556850Z.json,1,pass,e4b22249-5b20-4048-b466-f308c7e04a85,3B44132F82FEBCE3FCDF059B697D938479B9F791A628C00B55BC2CF397D5D500,1,1,0,0,3753,3753,0,3.1,2.9,,
page-fault-1-3-20260916T014623720Z,page-fault-1-3-20260916T014623720Z.json,1,pass,e4b22249-5b20-4048-b466-f308c7e04a85,3B44132F82FEBCE3FCDF059B697D938479B9F791A628C00B55BC2CF397D5D500,1,1,0,0,3379,3379,0,3.0,2.9,,
page-fault-2-1-20260916T014535355Z,page-fault-2-1-20260916T014535355Z.json,2,pass,e4b22249-5b20-4048-b466-f308c7e04a85,3B44132F82FEBCE3FCDF059B697D938479B9F791A628C00B55BC2CF397D5D500,1,1,1,1,3674,3674,0,26.3,25.4,,
page-fault-2-2-20260916T014602188Z,page-fault-2-2-20260916T014602188Z.json,2,pass,e4b22249-5b20-4048-b466-f308c7e04a85,3B44132F82FEBCE3FCDF059B697D938479B9F791A628C00B55BC2CF397D5D500,1,1,1,1,3935,3935,0,39.5,38.4,,
page-fault-2-3-20260916T014629035Z,page-fault-2-3-20260916T014629035Z.json,2,pass,e4b22249-5b20-4048-b466-f308c7e04a85,3B44132F82FEBCE3FCDF059B697D938479B9F791A628C00B55BC2CF397D5D500,1,1,1,1,4173,4173,0,24.5,23.2,,
page-fault-3-1-20260916T014540691Z,page-fault-3-1-20260916T014540691Z.json,3,pass,e4b22249-5b20-4048-b466-f308c7e04a85,3B44132F82FEBCE3FCDF059B697D938479B9F791A628C00B55BC2CF397D5D500,1,1,1,1,3914,3914,0,153.4,28.4,62.1,44.8
page-fault-3-2-20260916T014607537Z,page-fault-3-2-20260916T014607537Z.json,3,pass,e4b22249-5b20-4048-b466-f308c7e04a85,3B44132F82FEBCE3FCDF059B697D938479B9F791A628C00B55BC2CF397D5D500,1,1,1,1,3943,3943,0,200.8,25.5,116.7,41.2
page-fault-3-3-20260916T014634411Z,page-fault-3-3-20260916T014634411Z.json,3,pass,e4b22249-5b20-4048-b466-f308c7e04a85,3B44132F82FEBCE3FCDF059B697D938479B9F791A628C00B55BC2CF397D5D500,1,1,1,1,4257,4257,0,197.3,63.9,59.1,50.7
page-fault-4-1-20260916T014546025Z,page-fault-4-1-20260916T014546025Z.json,4,pass,e4b22249-5b20-4048-b466-f308c7e04a85,3B44132F82FEBCE3FCDF059B697D938479B9F791A628C00B55BC2CF397D5D500,1,1,1,1,3973,3973,0,124.6,51.9,0.0,55.3
page-fault-4-2-20260916T014612867Z,page-fault-4-2-20260916T014612867Z.json,4,pass,e4b22249-5b20-4048-b466-f308c7e04a85,3B44132F82FEBCE3FCDF059B697D938479B9F791A628C00B55BC2CF397D5D500,1,1,1,1,3830,3830,0,308.4,25.0,0.1,260.4
page-fault-4-3-20260916T014639828Z,page-fault-4-3-20260916T014639828Z.json,4,pass,e4b22249-5b20-4048-b466-f308c7e04a85,3B44132F82FEBCE3FCDF059B697D938479B9F791A628C00B55BC2CF397D5D500,1,1,1,1,4060,4060,0,155.1,32.4,0.1,103.7
page-fault-5-1-20260916T014551351Z,page-fault-5-1-20260916T014551351Z.json,5,pass,e4b22249-5b20-4048-b466-f308c7e04a85,3B44132F82FEBCE3FCDF059B697D938479B9F791A628C00B55BC2CF397D5D500,1,1,1,1,3789,3789,0,0.3,,,0.1
page-fault-5-2-20260916T014618207Z,page-fault-5-2-20260916T014618207Z.json,5,pass,e4b22249-5b20-4048-b466-f308c7e04a85,3B44132F82FEBCE3FCDF059B697D938479B9F791A628C00B55BC2CF397D5D500,1,1,1,1,3226,3226,0,0.2,,,0.1
page-fault-5-3-20260916T014645156Z,page-fault-5-3-20260916T014645156Z.json,5,pass,e4b22249-5b20-4048-b466-f308c7e04a85,3B44132F82FEBCE3FCDF059B697D938479B9F791A628C00B55BC2CF397D5D500,1,1,1,1,3804,3804,0,0.3,,,0.0
