runId,configuration,workload,iteration,warmup,seconds,nsPerOperation,MiBPerSecond,affinityResult,continuity,conditionValid,binarySha256,scratchRemains,reportedVmExitDelta,source,valid
windows1-off-post-no-vmware-cpu-00-20260915T201545999Z,off-post-no-vmware,integer-xorshift,0,True,0.121985,1.2198,0.0,0,True,True,A37D9D1B3FC22D5539C51C3DC364B7C1BAA0061913B72EFEF8183E020D464E0D,False,0,windows1-off-post-no-vmware-cpu-00-20260915T201545999Z.json,True
windows1-off-post-no-vmware-cpu-01-20260915T201546624Z,off-post-no-vmware,integer-xorshift,1,False,0.1236152,1.2362,0.0,0,True,True,A37D9D1B3FC22D5539C51C3DC364B7C1BAA0061913B72EFEF8183E020D464E0D,False,0,windows1-off-post-no-vmware-cpu-01-20260915T201546624Z.json,True
windows1-off-post-no-vmware-cpu-02-20260915T201552884Z,off-post-no-vmware,integer-xorshift,2,False,0.1244863,1.2449,0.0,0,True,True,A37D9D1B3FC22D5539C51C3DC364B7C1BAA0061913B72EFEF8183E020D464E0D,False,0,windows1-off-post-no-vmware-cpu-02-20260915T201552884Z.json,True
windows1-off-post-no-vmware-cpu-03-20260915T201553291Z,off-post-no-vmware,integer-xorshift,3,False,0.1224196,1.2242,0.0,0,True,True,A37D9D1B3FC22D5539C51C3DC364B7C1BAA0061913B72EFEF8183E020D464E0D,False,0,windows1-off-post-no-vmware-cpu-03-20260915T201553291Z.json,True
windows1-off-post-no-vmware-cpu-04-20260915T201558105Z,off-post-no-vmware,integer-xorshift,4,False,0.122726,1.2273,0.0,0,True,True,A37D9D1B3FC22D5539C51C3DC364B7C1BAA0061913B72EFEF8183E020D464E0D,False,0,windows1-off-post-no-vmware-cpu-04-20260915T201558105Z.json,True
windows1-off-post-no-vmware-cpu-05-20260915T201600777Z,off-post-no-vmware,integer-xorshift,5,False,0.1234195,1.2342,0.0,0,True,True,A37D9D1B3FC22D5539C51C3DC364B7C1BAA0061913B72EFEF8183E020D464E0D,False,0,windows1-off-post-no-vmware-cpu-05-20260915T201600777Z.json,True
windows1-off-post-no-vmware-cpu-06-20260915T201603386Z,off-post-no-vmware,integer-xorshift,6,False,0.1227477,1.2275,0.0,0,True,True,A37D9D1B3FC22D5539C51C3DC364B7C1BAA0061913B72EFEF8183E020D464E0D,False,0,windows1-off-post-no-vmware-cpu-06-20260915T201603386Z.json,True
windows1-off-post-no-vmware-cpu-07-20260915T201603730Z,off-post-no-vmware,integer-xorshift,7,False,0.1209892,1.2099,0.0,0,True,True,A37D9D1B3FC22D5539C51C3DC364B7C1BAA0061913B72EFEF8183E020D464E0D,False,0,windows1-off-post-no-vmware-cpu-07-20260915T201603730Z.json,True
windows1-off-post-no-vmware-cpuid-00-20260915T201545796Z,off-post-no-vmware,cpuid-leaf0,0,True,0.0343203,343.203,0.0,0,True,True,A37D9D1B3FC22D5539C51C3DC364B7C1BAA0061913B72EFEF8183E020D464E0D,False,0,windows1-off-post-no-vmware-cpuid-00-20260915T201545796Z.json,True
windows1-off-post-no-vmware-cpuid-01-20260915T201546531Z,off-post-no-vmware,cpuid-leaf0,1,False,0.0331795,331.795,0.0,0,True,True,A37D9D1B3FC22D5539C51C3DC364B7C1BAA0061913B72EFEF8183E020D464E0D,False,0,windows1-off-post-no-vmware-cpuid-01-20260915T201546531Z.json,True
windows1-off-post-no-vmware-cpuid-02-20260915T201552775Z,off-post-no-vmware,cpuid-leaf0,2,False,0.033238,332.38,0.0,0,True,True,A37D9D1B3FC22D5539C51C3DC364B7C1BAA0061913B72EFEF8183E020D464E0D,False,0,windows1-off-post-no-vmware-cpuid-02-20260915T201552775Z.json,True
windows1-off-post-no-vmware-cpuid-03-20260915T201553087Z,off-post-no-vmware,cpuid-leaf0,3,False,0.0330798,330.798,0.0,0,True,True,A37D9D1B3FC22D5539C51C3DC364B7C1BAA0061913B72EFEF8183E020D464E0D,False,0,windows1-off-post-no-vmware-cpuid-03-20260915T201553087Z.json,True
windows1-off-post-no-vmware-cpuid-04-20260915T201555980Z,off-post-no-vmware,cpuid-leaf0,4,False,0.0359253,359.253,0.0,0,True,True,A37D9D1B3FC22D5539C51C3DC364B7C1BAA0061913B72EFEF8183E020D464E0D,False,0,windows1-off-post-no-vmware-cpuid-04-20260915T201555980Z.json,True
windows1-off-post-no-vmware-cpuid-05-20260915T201558558Z,off-post-no-vmware,cpuid-leaf0,5,False,0.0334934,334.934,0.0,0,True,True,A37D9D1B3FC22D5539C51C3DC364B7C1BAA0061913B72EFEF8183E020D464E0D,False,0,windows1-off-post-no-vmware-cpuid-05-20260915T201558558Z.json,True
windows1-off-post-no-vmware-cpuid-06-20260915T201601074Z,off-post-no-vmware,cpuid-leaf0,6,False,0.0327337,327.337,0.0,0,True,True,A37D9D1B3FC22D5539C51C3DC364B7C1BAA0061913B72EFEF8183E020D464E0D,False,0,windows1-off-post-no-vmware-cpuid-06-20260915T201601074Z.json,True
windows1-off-post-no-vmware-cpuid-07-20260915T201605845Z,off-post-no-vmware,cpuid-leaf0,7,False,0.0322213,322.213,0.0,0,True,True,A37D9D1B3FC22D5539C51C3DC364B7C1BAA0061913B72EFEF8183E020D464E0D,False,0,windows1-off-post-no-vmware-cpuid-07-20260915T201605845Z.json,True
windows1-off-post-no-vmware-disk-00-20260915T201543765Z,off-post-no-vmware,disk-direct-write-64MiB,0,True,0.0789577,1233714.0625,810.5606,0,True,True,A37D9D1B3FC22D5539C51C3DC364B7C1BAA0061913B72EFEF8183E020D464E0D,False,0,windows1-off-post-no-vmware-disk-00-20260915T201543765Z.json,True
windows1-off-post-no-vmware-disk-00-20260915T201543765Z,off-post-no-vmware,disk-direct-read-64MiB,0,True,0.0382889,598264.0625,1671.5027,0,True,True,A37D9D1B3FC22D5539C51C3DC364B7C1BAA0061913B72EFEF8183E020D464E0D,False,0,windows1-off-post-no-vmware-disk-00-20260915T201543765Z.json,True
windows1-off-post-no-vmware-disk-01-20260915T201546921Z,off-post-no-vmware,disk-direct-write-64MiB,1,False,1.3690509,21391420.3125,46.7477,0,True,True,A37D9D1B3FC22D5539C51C3DC364B7C1BAA0061913B72EFEF8183E020D464E0D,False,0,windows1-off-post-no-vmware-disk-01-20260915T201546921Z.json,True
windows1-off-post-no-vmware-disk-01-20260915T201546921Z,off-post-no-vmware,disk-direct-read-64MiB,1,False,0.0319956,499931.25,2000.275,0,True,True,A37D9D1B3FC22D5539C51C3DC364B7C1BAA0061913B72EFEF8183E020D464E0D,False,0,windows1-off-post-no-vmware-disk-01-20260915T201546921Z.json,True
windows1-off-post-no-vmware-disk-02-20260915T201550649Z,off-post-no-vmware,disk-direct-write-64MiB,2,False,0.042428,662937.5,1508.4378,0,True,True,A37D9D1B3FC22D5539C51C3DC364B7C1BAA0061913B72EFEF8183E020D464E0D,False,0,windows1-off-post-no-vmware-disk-02-20260915T201550649Z.json,True
windows1-off-post-no-vmware-disk-02-20260915T201550649Z,off-post-no-vmware,disk-direct-read-64MiB,2,False,0.0324076,506368.75,1974.8454,0,True,True,A37D9D1B3FC22D5539C51C3DC364B7C1BAA0061913B72EFEF8183E020D464E0D,False,0,windows1-off-post-no-vmware-disk-02-20260915T201550649Z.json,True
windows1-off-post-no-vmware-disk-03-20260915T201553838Z,off-post-no-vmware,disk-direct-write-64MiB,3,False,0.0365422,570971.875,1751.3998,0,True,True,A37D9D1B3FC22D5539C51C3DC364B7C1BAA0061913B72EFEF8183E020D464E0D,False,0,windows1-off-post-no-vmware-disk-03-20260915T201553838Z.json,True
windows1-off-post-no-vmware-disk-03-20260915T201553838Z,off-post-no-vmware,disk-direct-read-64MiB,3,False,0.0312986,489040.625,2044.8199,0,True,True,A37D9D1B3FC22D5539C51C3DC364B7C1BAA0061913B72EFEF8183E020D464E0D,False,0,windows1-off-post-no-vmware-disk-03-20260915T201553838Z.json,True
windows1-off-post-no-vmware-disk-04-20260915T201555838Z,off-post-no-vmware,disk-direct-write-64MiB,4,False,0.0407064,636037.5,1572.2343,0,True,True,A37D9D1B3FC22D5539C51C3DC364B7C1BAA0061913B72EFEF8183E020D464E0D,False,0,windows1-off-post-no-vmware-disk-04-20260915T201555838Z.json,True
windows1-off-post-no-vmware-disk-04-20260915T201555838Z,off-post-no-vmware,disk-direct-read-64MiB,4,False,0.0370752,579300.0,1726.2213,0,True,True,A37D9D1B3FC22D5539C51C3DC364B7C1BAA0061913B72EFEF8183E020D464E0D,False,0,windows1-off-post-no-vmware-disk-04-20260915T201555838Z.json,True
windows1-off-post-no-vmware-disk-05-20260915T201558652Z,off-post-no-vmware,disk-direct-write-64MiB,5,False,0.0412381,644345.3125,1551.9629,0,True,True,A37D9D1B3FC22D5539C51C3DC364B7C1BAA0061913B72EFEF8183E020D464E0D,False,0,windows1-off-post-no-vmware-disk-05-20260915T201558652Z.json,True
windows1-off-post-no-vmware-disk-05-20260915T201558652Z,off-post-no-vmware,disk-direct-read-64MiB,5,False,0.0337527,527385.9375,1896.1446,0,True,True,A37D9D1B3FC22D5539C51C3DC364B7C1BAA0061913B72EFEF8183E020D464E0D,False,0,windows1-off-post-no-vmware-disk-05-20260915T201558652Z.json,True
windows1-off-post-no-vmware-disk-06-20260915T201603574Z,off-post-no-vmware,disk-direct-write-64MiB,6,False,0.0567404,886568.75,1127.9441,0,True,True,A37D9D1B3FC22D5539C51C3DC364B7C1BAA0061913B72EFEF8183E020D464E0D,False,0,windows1-off-post-no-vmware-disk-06-20260915T201603574Z.json,True
windows1-off-post-no-vmware-disk-06-20260915T201603574Z,off-post-no-vmware,disk-direct-read-64MiB,6,False,0.0322629,504107.8125,1983.7026,0,True,True,A37D9D1B3FC22D5539C51C3DC364B7C1BAA0061913B72EFEF8183E020D464E0D,False,0,windows1-off-post-no-vmware-disk-06-20260915T201603574Z.json,True
windows1-off-post-no-vmware-disk-07-20260915T201605715Z,off-post-no-vmware,disk-direct-write-64MiB,7,False,0.034583,540359.375,1850.6202,0,True,True,A37D9D1B3FC22D5539C51C3DC364B7C1BAA0061913B72EFEF8183E020D464E0D,False,0,windows1-off-post-no-vmware-disk-07-20260915T201605715Z.json,True
windows1-off-post-no-vmware-disk-07-20260915T201605715Z,off-post-no-vmware,disk-direct-read-64MiB,7,False,0.0314451,491329.6875,2035.2933,0,True,True,A37D9D1B3FC22D5539C51C3DC364B7C1BAA0061913B72EFEF8183E020D464E0D,False,0,windows1-off-post-no-vmware-disk-07-20260915T201605715Z.json,True
windows1-off-post-no-vmware-latency-00-20260915T201543968Z,off-post-no-vmware,pointer-chase-64MiB,0,True,0.7808049,93.0792,0.0,0,True,True,A37D9D1B3FC22D5539C51C3DC364B7C1BAA0061913B72EFEF8183E020D464E0D,False,0,windows1-off-post-no-vmware-latency-00-20260915T201543968Z.json,True
windows1-off-post-no-vmware-latency-01-20260915T201548712Z,off-post-no-vmware,pointer-chase-64MiB,1,False,0.7251623,86.4461,0.0,0,True,True,A37D9D1B3FC22D5539C51C3DC364B7C1BAA0061913B72EFEF8183E020D464E0D,False,0,windows1-off-post-no-vmware-latency-01-20260915T201548712Z.json,True
windows1-off-post-no-vmware-latency-02-20260915T201550803Z,off-post-no-vmware,pointer-chase-64MiB,2,False,0.7638266,91.0552,0.0,0,True,True,A37D9D1B3FC22D5539C51C3DC364B7C1BAA0061913B72EFEF8183E020D464E0D,False,0,windows1-off-post-no-vmware-latency-02-20260915T201550803Z.json,True
windows1-off-post-no-vmware-latency-03-20260915T201553963Z,off-post-no-vmware,pointer-chase-64MiB,3,False,0.7177934,85.5676,0.0,0,True,True,A37D9D1B3FC22D5539C51C3DC364B7C1BAA0061913B72EFEF8183E020D464E0D,False,0,windows1-off-post-no-vmware-latency-03-20260915T201553963Z.json,True
windows1-off-post-no-vmware-latency-04-20260915T201556183Z,off-post-no-vmware,pointer-chase-64MiB,4,False,0.8071189,96.2161,0.0,0,True,True,A37D9D1B3FC22D5539C51C3DC364B7C1BAA0061913B72EFEF8183E020D464E0D,False,0,windows1-off-post-no-vmware-latency-04-20260915T201556183Z.json,True
windows1-off-post-no-vmware-latency-05-20260915T201558792Z,off-post-no-vmware,pointer-chase-64MiB,5,False,0.7856693,93.6591,0.0,0,True,True,A37D9D1B3FC22D5539C51C3DC364B7C1BAA0061913B72EFEF8183E020D464E0D,False,0,windows1-off-post-no-vmware-latency-05-20260915T201558792Z.json,True
windows1-off-post-no-vmware-latency-06-20260915T201601558Z,off-post-no-vmware,pointer-chase-64MiB,6,False,0.7945007,94.7119,0.0,0,True,True,A37D9D1B3FC22D5539C51C3DC364B7C1BAA0061913B72EFEF8183E020D464E0D,False,0,windows1-off-post-no-vmware-latency-06-20260915T201601558Z.json,True
windows1-off-post-no-vmware-latency-07-20260915T201604012Z,off-post-no-vmware,pointer-chase-64MiB,7,False,0.7361542,87.7564,0.0,0,True,True,A37D9D1B3FC22D5539C51C3DC364B7C1BAA0061913B72EFEF8183E020D464E0D,False,0,windows1-off-post-no-vmware-latency-07-20260915T201604012Z.json,True
windows1-off-post-no-vmware-memory-00-20260915T201546202Z,off-post-no-vmware,memcpy-32MiB,0,True,0.1562326,2441134.375,13108.6598,0,True,True,A37D9D1B3FC22D5539C51C3DC364B7C1BAA0061913B72EFEF8183E020D464E0D,False,0,windows1-off-post-no-vmware-memory-00-20260915T201546202Z.json,True
windows1-off-post-no-vmware-memory-01-20260915T201548493Z,off-post-no-vmware,memcpy-32MiB,1,False,0.1426921,2229564.0625,14352.5815,0,True,True,A37D9D1B3FC22D5539C51C3DC364B7C1BAA0061913B72EFEF8183E020D464E0D,False,0,windows1-off-post-no-vmware-memory-01-20260915T201548493Z.json,True
windows1-off-post-no-vmware-memory-02-20260915T201552525Z,off-post-no-vmware,memcpy-32MiB,2,False,0.1509413,2358457.8125,13568.1884,0,True,True,A37D9D1B3FC22D5539C51C3DC364B7C1BAA0061913B72EFEF8183E020D464E0D,False,0,windows1-off-post-no-vmware-memory-02-20260915T201552525Z.json,True
windows1-off-post-no-vmware-memory-03-20260915T201553588Z,off-post-no-vmware,memcpy-32MiB,3,False,0.1594922,2492065.625,12840.7533,0,True,True,A37D9D1B3FC22D5539C51C3DC364B7C1BAA0061913B72EFEF8183E020D464E0D,False,0,windows1-off-post-no-vmware-memory-03-20260915T201553588Z.json,True
windows1-off-post-no-vmware-memory-04-20260915T201555604Z,off-post-no-vmware,memcpy-32MiB,4,False,0.1526472,2385112.5,13416.5579,0,True,True,A37D9D1B3FC22D5539C51C3DC364B7C1BAA0061913B72EFEF8183E020D464E0D,False,0,windows1-off-post-no-vmware-memory-04-20260915T201555604Z.json,True
windows1-off-post-no-vmware-memory-05-20260915T201558292Z,off-post-no-vmware,memcpy-32MiB,5,False,0.1655759,2587123.4375,12368.9498,0,True,True,A37D9D1B3FC22D5539C51C3DC364B7C1BAA0061913B72EFEF8183E020D464E0D,False,0,windows1-off-post-no-vmware-memory-05-20260915T201558292Z.json,True
windows1-off-post-no-vmware-memory-06-20260915T201601183Z,off-post-no-vmware,memcpy-32MiB,6,False,0.1838159,2872123.4375,11141.5824,0,True,True,A37D9D1B3FC22D5539C51C3DC364B7C1BAA0061913B72EFEF8183E020D464E0D,False,0,windows1-off-post-no-vmware-memory-06-20260915T201601183Z.json,True
windows1-off-post-no-vmware-memory-07-20260915T201605935Z,off-post-no-vmware,memcpy-32MiB,7,False,0.1446307,2259854.6875,14160.2025,0,True,True,A37D9D1B3FC22D5539C51C3DC364B7C1BAA0061913B72EFEF8183E020D464E0D,False,0,windows1-off-post-no-vmware-memory-07-20260915T201605935Z.json,True
windows1-off-post-no-vmware-net-00-20260915T201546437Z,off-post-no-vmware,tcp-loopback-64MiB,0,True,0.0258498,0.0,2475.8412,0,True,True,A37D9D1B3FC22D5539C51C3DC364B7C1BAA0061913B72EFEF8183E020D464E0D,False,0,windows1-off-post-no-vmware-net-00-20260915T201546437Z.json,True
windows1-off-post-no-vmware-net-01-20260915T201546812Z,off-post-no-vmware,tcp-loopback-64MiB,1,False,0.0264705,0.0,2417.7858,0,True,True,A37D9D1B3FC22D5539C51C3DC364B7C1BAA0061913B72EFEF8183E020D464E0D,False,0,windows1-off-post-no-vmware-net-01-20260915T201546812Z.json,True
windows1-off-post-no-vmware-net-02-20260915T201550431Z,off-post-no-vmware,tcp-loopback-64MiB,2,False,0.0260032,0.0,2461.2355,0,True,True,A37D9D1B3FC22D5539C51C3DC364B7C1BAA0061913B72EFEF8183E020D464E0D,False,0,windows1-off-post-no-vmware-net-02-20260915T201550431Z.json,True
windows1-off-post-no-vmware-net-03-20260915T201553181Z,off-post-no-vmware,tcp-loopback-64MiB,3,False,0.0304722,0.0,2100.275,0,True,True,A37D9D1B3FC22D5539C51C3DC364B7C1BAA0061913B72EFEF8183E020D464E0D,False,0,windows1-off-post-no-vmware-net-03-20260915T201553181Z.json,True
windows1-off-post-no-vmware-net-04-20260915T201557995Z,off-post-no-vmware,tcp-loopback-64MiB,4,False,0.0282196,0.0,2267.9273,0,True,True,A37D9D1B3FC22D5539C51C3DC364B7C1BAA0061913B72EFEF8183E020D464E0D,False,0,windows1-off-post-no-vmware-net-04-20260915T201557995Z.json,True
windows1-off-post-no-vmware-net-05-20260915T201600667Z,off-post-no-vmware,tcp-loopback-64MiB,5,False,0.0288886,0.0,2215.4068,0,True,True,A37D9D1B3FC22D5539C51C3DC364B7C1BAA0061913B72EFEF8183E020D464E0D,False,0,windows1-off-post-no-vmware-net-05-20260915T201600667Z.json,True
windows1-off-post-no-vmware-net-06-20260915T201601449Z,off-post-no-vmware,tcp-loopback-64MiB,6,False,0.0278975,0.0,2294.1124,0,True,True,A37D9D1B3FC22D5539C51C3DC364B7C1BAA0061913B72EFEF8183E020D464E0D,False,0,windows1-off-post-no-vmware-net-06-20260915T201601449Z.json,True
windows1-off-post-no-vmware-net-07-20260915T201603933Z,off-post-no-vmware,tcp-loopback-64MiB,7,False,0.025563,0.0,2503.6185,0,True,True,A37D9D1B3FC22D5539C51C3DC364B7C1BAA0061913B72EFEF8183E020D464E0D,False,0,windows1-off-post-no-vmware-net-07-20260915T201603933Z.json,True
windows1-off-post-no-vmware-ping-00-20260915T201545906Z,off-post-no-vmware,tcp-loopback-rtt-1B,0,True,0.0263312,13165.6,0.0,0,True,True,A37D9D1B3FC22D5539C51C3DC364B7C1BAA0061913B72EFEF8183E020D464E0D,False,0,windows1-off-post-no-vmware-ping-00-20260915T201545906Z.json,True
windows1-off-post-no-vmware-ping-01-20260915T201548399Z,off-post-no-vmware,tcp-loopback-rtt-1B,1,False,0.0230658,11532.9,0.0,0,True,True,A37D9D1B3FC22D5539C51C3DC364B7C1BAA0061913B72EFEF8183E020D464E0D,False,0,windows1-off-post-no-vmware-ping-01-20260915T201548399Z.json,True
windows1-off-post-no-vmware-ping-02-20260915T201550540Z,off-post-no-vmware,tcp-loopback-rtt-1B,2,False,0.0243045,12152.25,0.0,0,True,True,A37D9D1B3FC22D5539C51C3DC364B7C1BAA0061913B72EFEF8183E020D464E0D,False,0,windows1-off-post-no-vmware-ping-02-20260915T201550540Z.json,True
windows1-off-post-no-vmware-ping-03-20260915T201553494Z,off-post-no-vmware,tcp-loopback-rtt-1B,3,False,0.0249127,12456.35,0.0,0,True,True,A37D9D1B3FC22D5539C51C3DC364B7C1BAA0061913B72EFEF8183E020D464E0D,False,0,windows1-off-post-no-vmware-ping-03-20260915T201553494Z.json,True
windows1-off-post-no-vmware-ping-04-20260915T201556089Z,off-post-no-vmware,tcp-loopback-rtt-1B,4,False,0.0256828,12841.4,0.0,0,True,True,A37D9D1B3FC22D5539C51C3DC364B7C1BAA0061913B72EFEF8183E020D464E0D,False,0,windows1-off-post-no-vmware-ping-04-20260915T201556089Z.json,True
windows1-off-post-no-vmware-ping-05-20260915T201600574Z,off-post-no-vmware,tcp-loopback-rtt-1B,5,False,0.0252245,12612.25,0.0,0,True,True,A37D9D1B3FC22D5539C51C3DC364B7C1BAA0061913B72EFEF8183E020D464E0D,False,0,windows1-off-post-no-vmware-ping-05-20260915T201600574Z.json,True
windows1-off-post-no-vmware-ping-06-20260915T201600980Z,off-post-no-vmware,tcp-loopback-rtt-1B,6,False,0.0255748,12787.4,0.0,0,True,True,A37D9D1B3FC22D5539C51C3DC364B7C1BAA0061913B72EFEF8183E020D464E0D,False,0,windows1-off-post-no-vmware-ping-06-20260915T201600980Z.json,True
windows1-off-post-no-vmware-ping-07-20260915T201606169Z,off-post-no-vmware,tcp-loopback-rtt-1B,7,False,0.0236831,11841.55,0.0,0,True,True,A37D9D1B3FC22D5539C51C3DC364B7C1BAA0061913B72EFEF8183E020D464E0D,False,0,windows1-off-post-no-vmware-ping-07-20260915T201606169Z.json,True
windows1-off-pre-no-vmware-cpu-00-20260915T201438239Z,off-pre-no-vmware,integer-xorshift,0,True,0.1234234,1.2342,0.0,0,True,True,A37D9D1B3FC22D5539C51C3DC364B7C1BAA0061913B72EFEF8183E020D464E0D,False,0,windows1-off-pre-no-vmware-cpu-00-20260915T201438239Z.json,True
windows1-off-pre-no-vmware-cpu-01-20260915T201438974Z,off-pre-no-vmware,integer-xorshift,1,False,0.1234551,1.2346,0.0,0,True,True,A37D9D1B3FC22D5539C51C3DC364B7C1BAA0061913B72EFEF8183E020D464E0D,False,0,windows1-off-pre-no-vmware-cpu-01-20260915T201438974Z.json,True
windows1-off-pre-no-vmware-cpu-02-20260915T201443927Z,off-pre-no-vmware,integer-xorshift,2,False,0.1268818,1.2688,0.0,0,True,True,A37D9D1B3FC22D5539C51C3DC364B7C1BAA0061913B72EFEF8183E020D464E0D,False,0,windows1-off-pre-no-vmware-cpu-02-20260915T201443927Z.json,True
windows1-off-pre-no-vmware-cpu-03-20260915T201444333Z,off-pre-no-vmware,integer-xorshift,3,False,0.123593,1.2359,0.0,0,True,True,A37D9D1B3FC22D5539C51C3DC364B7C1BAA0061913B72EFEF8183E020D464E0D,False,0,windows1-off-pre-no-vmware-cpu-03-20260915T201444333Z.json,True
windows1-off-pre-no-vmware-cpu-04-20260915T201449224Z,off-pre-no-vmware,integer-xorshift,4,False,0.1236825,1.2368,0.0,0,True,True,A37D9D1B3FC22D5539C51C3DC364B7C1BAA0061913B72EFEF8183E020D464E0D,False,0,windows1-off-pre-no-vmware-cpu-04-20260915T201449224Z.json,True
windows1-off-pre-no-vmware-cpu-05-20260915T201451694Z,off-pre-no-vmware,integer-xorshift,5,False,0.1220829,1.2208,0.0,0,True,True,A37D9D1B3FC22D5539C51C3DC364B7C1BAA0061913B72EFEF8183E020D464E0D,False,0,windows1-off-pre-no-vmware-cpu-05-20260915T201451694Z.json,True
windows1-off-pre-no-vmware-cpu-06-20260915T201454101Z,off-pre-no-vmware,integer-xorshift,6,False,0.1253723,1.2537,0.0,0,True,True,A37D9D1B3FC22D5539C51C3DC364B7C1BAA0061913B72EFEF8183E020D464E0D,False,0,windows1-off-pre-no-vmware-cpu-06-20260915T201454101Z.json,True
windows1-off-pre-no-vmware-cpu-07-20260915T201454441Z,off-pre-no-vmware,integer-xorshift,7,False,0.1207732,1.2077,0.0,0,True,True,A37D9D1B3FC22D5539C51C3DC364B7C1BAA0061913B72EFEF8183E020D464E0D,False,0,windows1-off-pre-no-vmware-cpu-07-20260915T201454441Z.json,True
windows1-off-pre-no-vmware-cpuid-00-20260915T201438051Z,off-pre-no-vmware,cpuid-leaf0,0,True,0.0337535,337.535,0.0,0,True,True,A37D9D1B3FC22D5539C51C3DC364B7C1BAA0061913B72EFEF8183E020D464E0D,False,0,windows1-off-pre-no-vmware-cpuid-00-20260915T201438051Z.json,True
windows1-off-pre-no-vmware-cpuid-01-20260915T201438880Z,off-pre-no-vmware,cpuid-leaf0,1,False,0.0326349,326.349,0.0,0,True,True,A37D9D1B3FC22D5539C51C3DC364B7C1BAA0061913B72EFEF8183E020D464E0D,False,0,windows1-off-pre-no-vmware-cpuid-01-20260915T201438880Z.json,True
windows1-off-pre-no-vmware-cpuid-02-20260915T201443833Z,off-pre-no-vmware,cpuid-leaf0,2,False,0.0332978,332.978,0.0,0,True,True,A37D9D1B3FC22D5539C51C3DC364B7C1BAA0061913B72EFEF8183E020D464E0D,False,0,windows1-off-pre-no-vmware-cpuid-02-20260915T201443833Z.json,True
windows1-off-pre-no-vmware-cpuid-03-20260915T201444115Z,off-pre-no-vmware,cpuid-leaf0,3,False,0.033822,338.22,0.0,0,True,True,A37D9D1B3FC22D5539C51C3DC364B7C1BAA0061913B72EFEF8183E020D464E0D,False,0,windows1-off-pre-no-vmware-cpuid-03-20260915T201444115Z.json,True
windows1-off-pre-no-vmware-cpuid-04-20260915T201447193Z,off-pre-no-vmware,cpuid-leaf0,4,False,0.0335459,335.459,0.0,0,True,True,A37D9D1B3FC22D5539C51C3DC364B7C1BAA0061913B72EFEF8183E020D464E0D,False,0,windows1-off-pre-no-vmware-cpuid-04-20260915T201447193Z.json,True
windows1-off-pre-no-vmware-cpuid-05-20260915T201449646Z,off-pre-no-vmware,cpuid-leaf0,5,False,0.0333353,333.353,0.0,0,True,True,A37D9D1B3FC22D5539C51C3DC364B7C1BAA0061913B72EFEF8183E020D464E0D,False,0,windows1-off-pre-no-vmware-cpuid-05-20260915T201449646Z.json,True
windows1-off-pre-no-vmware-cpuid-06-20260915T201451975Z,off-pre-no-vmware,cpuid-leaf0,6,False,0.0353536,353.536,0.0,0,True,True,A37D9D1B3FC22D5539C51C3DC364B7C1BAA0061913B72EFEF8183E020D464E0D,False,0,windows1-off-pre-no-vmware-cpuid-06-20260915T201451975Z.json,True
windows1-off-pre-no-vmware-cpuid-07-20260915T201456508Z,off-pre-no-vmware,cpuid-leaf0,7,False,0.0327138,327.138,0.0,0,True,True,A37D9D1B3FC22D5539C51C3DC364B7C1BAA0061913B72EFEF8183E020D464E0D,False,0,windows1-off-pre-no-vmware-cpuid-07-20260915T201456508Z.json,True
windows1-off-pre-no-vmware-disk-00-20260915T201435597Z,off-pre-no-vmware,disk-direct-write-64MiB,0,True,0.3817054,5964146.875,167.6686,0,True,True,A37D9D1B3FC22D5539C51C3DC364B7C1BAA0061913B72EFEF8183E020D464E0D,False,0,windows1-off-pre-no-vmware-disk-00-20260915T201435597Z.json,True
windows1-off-pre-no-vmware-disk-00-20260915T201435597Z,off-pre-no-vmware,disk-direct-read-64MiB,0,True,0.0752747,1176167.1875,850.2193,0,True,True,A37D9D1B3FC22D5539C51C3DC364B7C1BAA0061913B72EFEF8183E020D464E0D,False,0,windows1-off-pre-no-vmware-disk-00-20260915T201435597Z.json,True
windows1-off-pre-no-vmware-disk-01-20260915T201439239Z,off-pre-no-vmware,disk-direct-write-64MiB,1,False,0.0644598,1007184.375,992.8669,0,True,True,A37D9D1B3FC22D5539C51C3DC364B7C1BAA0061913B72EFEF8183E020D464E0D,False,0,windows1-off-pre-no-vmware-disk-01-20260915T201439239Z.json,True
windows1-off-pre-no-vmware-disk-01-20260915T201439239Z,off-pre-no-vmware,disk-direct-read-64MiB,1,False,0.0330092,515768.75,1938.8534,0,True,True,A37D9D1B3FC22D5539C51C3DC364B7C1BAA0061913B72EFEF8183E020D464E0D,False,0,windows1-off-pre-no-vmware-disk-01-20260915T201439239Z.json,True
windows1-off-pre-no-vmware-disk-02-20260915T201441614Z,off-pre-no-vmware,disk-direct-write-64MiB,2,False,0.0644786,1007478.125,992.5774,0,True,True,A37D9D1B3FC22D5539C51C3DC364B7C1BAA0061913B72EFEF8183E020D464E0D,False,0,windows1-off-pre-no-vmware-disk-02-20260915T201441614Z.json,True
windows1-off-pre-no-vmware-disk-02-20260915T201441614Z,off-pre-no-vmware,disk-direct-read-64MiB,2,False,0.0348526,544571.875,1836.3049,0,True,True,A37D9D1B3FC22D5539C51C3DC364B7C1BAA0061913B72EFEF8183E020D464E0D,False,0,windows1-off-pre-no-vmware-disk-02-20260915T201441614Z.json,True
windows1-off-pre-no-vmware-disk-03-20260915T201444865Z,off-pre-no-vmware,disk-direct-write-64MiB,3,False,0.0619312,967675.0,1033.4048,0,True,True,A37D9D1B3FC22D5539C51C3DC364B7C1BAA0061913B72EFEF8183E020D464E0D,False,0,windows1-off-pre-no-vmware-disk-03-20260915T201444865Z.json,True
windows1-off-pre-no-vmware-disk-03-20260915T201444865Z,off-pre-no-vmware,disk-direct-read-64MiB,3,False,0.0316376,494337.5,2022.9094,0,True,True,A37D9D1B3FC22D5539C51C3DC364B7C1BAA0061913B72EFEF8183E020D464E0D,False,0,windows1-off-pre-no-vmware-disk-03-20260915T201444865Z.json,True
windows1-off-pre-no-vmware-disk-04-20260915T201447052Z,off-pre-no-vmware,disk-direct-write-64MiB,4,False,0.0440011,687517.1875,1454.5091,0,True,True,A37D9D1B3FC22D5539C51C3DC364B7C1BAA0061913B72EFEF8183E020D464E0D,False,0,windows1-off-pre-no-vmware-disk-04-20260915T201447052Z.json,True
windows1-off-pre-no-vmware-disk-04-20260915T201447052Z,off-pre-no-vmware,disk-direct-read-64MiB,4,False,0.0319017,498464.0625,2006.1627,0,True,True,A37D9D1B3FC22D5539C51C3DC364B7C1BAA0061913B72EFEF8183E020D464E0D,False,0,windows1-off-pre-no-vmware-disk-04-20260915T201447052Z.json,True
windows1-off-pre-no-vmware-disk-05-20260915T201449740Z,off-pre-no-vmware,disk-direct-write-64MiB,5,False,0.0355002,554690.625,1802.8067,0,True,True,A37D9D1B3FC22D5539C51C3DC364B7C1BAA0061913B72EFEF8183E020D464E0D,False,0,windows1-off-pre-no-vmware-disk-05-20260915T201449740Z.json,True
windows1-off-pre-no-vmware-disk-05-20260915T201449740Z,off-pre-no-vmware,disk-direct-read-64MiB,5,False,0.0312918,488934.375,2045.2643,0,True,True,A37D9D1B3FC22D5539C51C3DC364B7C1BAA0061913B72EFEF8183E020D464E0D,False,0,windows1-off-pre-no-vmware-disk-05-20260915T201449740Z.json,True
windows1-off-pre-no-vmware-disk-06-20260915T201454289Z,off-pre-no-vmware,disk-direct-write-64MiB,6,False,0.0393555,614929.6875,1626.2022,0,True,True,A37D9D1B3FC22D5539C51C3DC364B7C1BAA0061913B72EFEF8183E020D464E0D,False,0,windows1-off-pre-no-vmware-disk-06-20260915T201454289Z.json,True
windows1-off-pre-no-vmware-disk-06-20260915T201454289Z,off-pre-no-vmware,disk-direct-read-64MiB,6,False,0.0444889,695139.0625,1438.5611,0,True,True,A37D9D1B3FC22D5539C51C3DC364B7C1BAA0061913B72EFEF8183E020D464E0D,False,0,windows1-off-pre-no-vmware-disk-06-20260915T201454289Z.json,True
windows1-off-pre-no-vmware-disk-07-20260915T201456367Z,off-pre-no-vmware,disk-direct-write-64MiB,7,False,0.0324138,506465.625,1974.4677,0,True,True,A37D9D1B3FC22D5539C51C3DC364B7C1BAA0061913B72EFEF8183E020D464E0D,False,0,windows1-off-pre-no-vmware-disk-07-20260915T201456367Z.json,True
windows1-off-pre-no-vmware-disk-07-20260915T201456367Z,off-pre-no-vmware,disk-direct-read-64MiB,7,False,0.0310132,484581.25,2063.6374,0,True,True,A37D9D1B3FC22D5539C51C3DC364B7C1BAA0061913B72EFEF8183E020D464E0D,False,0,windows1-off-pre-no-vmware-disk-07-20260915T201456367Z.json,True
windows1-off-pre-no-vmware-latency-00-20260915T201436238Z,off-pre-no-vmware,pointer-chase-64MiB,0,True,0.7788528,92.8465,0.0,0,True,True,A37D9D1B3FC22D5539C51C3DC364B7C1BAA0061913B72EFEF8183E020D464E0D,False,0,windows1-off-pre-no-vmware-latency-00-20260915T201436238Z.json,True
windows1-off-pre-no-vmware-latency-01-20260915T201439708Z,off-pre-no-vmware,pointer-chase-64MiB,1,False,0.7502724,89.4394,0.0,0,True,True,A37D9D1B3FC22D5539C51C3DC364B7C1BAA0061913B72EFEF8183E020D464E0D,False,0,windows1-off-pre-no-vmware-latency-01-20260915T201439708Z.json,True
windows1-off-pre-no-vmware-latency-02-20260915T201441794Z,off-pre-no-vmware,pointer-chase-64MiB,2,False,0.7958971,94.8783,0.0,0,True,True,A37D9D1B3FC22D5539C51C3DC364B7C1BAA0061913B72EFEF8183E020D464E0D,False,0,windows1-off-pre-no-vmware-latency-02-20260915T201441794Z.json,True
windows1-off-pre-no-vmware-latency-03-20260915T201445037Z,off-pre-no-vmware,pointer-chase-64MiB,3,False,0.7778244,92.7239,0.0,0,True,True,A37D9D1B3FC22D5539C51C3DC364B7C1BAA0061913B72EFEF8183E020D464E0D,False,0,windows1-off-pre-no-vmware-latency-03-20260915T201445037Z.json,True
windows1-off-pre-no-vmware-latency-04-20260915T201447380Z,off-pre-no-vmware,pointer-chase-64MiB,4,False,0.7645985,91.1472,0.0,0,True,True,A37D9D1B3FC22D5539C51C3DC364B7C1BAA0061913B72EFEF8183E020D464E0D,False,0,windows1-off-pre-no-vmware-latency-04-20260915T201447380Z.json,True
windows1-off-pre-no-vmware-latency-05-20260915T201449865Z,off-pre-no-vmware,pointer-chase-64MiB,5,False,0.7297746,86.9959,0.0,0,True,True,A37D9D1B3FC22D5539C51C3DC364B7C1BAA0061913B72EFEF8183E020D464E0D,False,0,windows1-off-pre-no-vmware-latency-05-20260915T201449865Z.json,True
windows1-off-pre-no-vmware-latency-06-20260915T201452429Z,off-pre-no-vmware,pointer-chase-64MiB,6,False,0.7477828,89.1427,0.0,0,True,True,A37D9D1B3FC22D5539C51C3DC364B7C1BAA0061913B72EFEF8183E020D464E0D,False,0,windows1-off-pre-no-vmware-latency-06-20260915T201452429Z.json,True
windows1-off-pre-no-vmware-latency-07-20260915T201454711Z,off-pre-no-vmware,pointer-chase-64MiB,7,False,0.7418302,88.4331,0.0,0,True,True,A37D9D1B3FC22D5539C51C3DC364B7C1BAA0061913B72EFEF8183E020D464E0D,False,0,windows1-off-pre-no-vmware-latency-07-20260915T201454711Z.json,True
windows1-off-pre-no-vmware-memory-00-20260915T201438442Z,off-pre-no-vmware,memcpy-32MiB,0,True,0.2499255,3905085.9375,8194.4419,0,True,True,A37D9D1B3FC22D5539C51C3DC364B7C1BAA0061913B72EFEF8183E020D464E0D,False,0,windows1-off-pre-no-vmware-memory-00-20260915T201438442Z.json,True
windows1-off-pre-no-vmware-memory-01-20260915T201439489Z,off-pre-no-vmware,memcpy-32MiB,1,False,0.142635,2228671.875,14358.3272,0,True,True,A37D9D1B3FC22D5539C51C3DC364B7C1BAA0061913B72EFEF8183E020D464E0D,False,0,windows1-off-pre-no-vmware-memory-01-20260915T201439489Z.json,True
windows1-off-pre-no-vmware-memory-02-20260915T201443568Z,off-pre-no-vmware,memcpy-32MiB,2,False,0.1731716,2705806.25,11826.4196,0,True,True,A37D9D1B3FC22D5539C51C3DC364B7C1BAA0061913B72EFEF8183E020D464E0D,False,0,windows1-off-pre-no-vmware-memory-02-20260915T201443568Z.json,True
windows1-off-pre-no-vmware-memory-03-20260915T201444615Z,off-pre-no-vmware,memcpy-32MiB,3,False,0.1794561,2804001.5625,11412.2618,0,True,True,A37D9D1B3FC22D5539C51C3DC364B7C1BAA0061913B72EFEF8183E020D464E0D,False,0,windows1-off-pre-no-vmware-memory-03-20260915T201444615Z.json,True
windows1-off-pre-no-vmware-memory-04-20260915T201446802Z,off-pre-no-vmware,memcpy-32MiB,4,False,0.1732591,2707173.4375,11820.4469,0,True,True,A37D9D1B3FC22D5539C51C3DC364B7C1BAA0061913B72EFEF8183E020D464E0D,False,0,windows1-off-pre-no-vmware-memory-04-20260915T201446802Z.json,True
windows1-off-pre-no-vmware-memory-05-20260915T201449412Z,off-pre-no-vmware,memcpy-32MiB,5,False,0.1557463,2433535.9375,13149.5901,0,True,True,A37D9D1B3FC22D5539C51C3DC364B7C1BAA0061913B72EFEF8183E020D464E0D,False,0,windows1-off-pre-no-vmware-memory-05-20260915T201449412Z.json,True
windows1-off-pre-no-vmware-memory-06-20260915T201452084Z,off-pre-no-vmware,memcpy-32MiB,6,False,0.1682239,2628498.4375,12174.2511,0,True,True,A37D9D1B3FC22D5539C51C3DC364B7C1BAA0061913B72EFEF8183E020D464E0D,False,0,windows1-off-pre-no-vmware-memory-06-20260915T201452084Z.json,True
windows1-off-pre-no-vmware-memory-07-20260915T201456587Z,off-pre-no-vmware,memcpy-32MiB,7,False,0.1505345,2352101.5625,13604.8547,0,True,True,A37D9D1B3FC22D5539C51C3DC364B7C1BAA0061913B72EFEF8183E020D464E0D,False,0,windows1-off-pre-no-vmware-memory-07-20260915T201456587Z.json,True
windows1-off-pre-no-vmware-net-00-20260915T201438771Z,off-pre-no-vmware,tcp-loopback-64MiB,0,True,0.0345417,0.0,1852.833,0,True,True,A37D9D1B3FC22D5539C51C3DC364B7C1BAA0061913B72EFEF8183E020D464E0D,False,0,windows1-off-pre-no-vmware-net-00-20260915T201438771Z.json,True
windows1-off-pre-no-vmware-net-01-20260915T201439161Z,off-pre-no-vmware,tcp-loopback-64MiB,1,False,0.0260543,0.0,2456.4083,0,True,True,A37D9D1B3FC22D5539C51C3DC364B7C1BAA0061913B72EFEF8183E020D464E0D,False,0,windows1-off-pre-no-vmware-net-01-20260915T201439161Z.json,True
windows1-off-pre-no-vmware-net-02-20260915T201441396Z,off-pre-no-vmware,tcp-loopback-64MiB,2,False,0.035355,0.0,1810.2107,0,True,True,A37D9D1B3FC22D5539C51C3DC364B7C1BAA0061913B72EFEF8183E020D464E0D,False,0,windows1-off-pre-no-vmware-net-02-20260915T201441396Z.json,True
windows1-off-pre-no-vmware-net-03-20260915T201444224Z,off-pre-no-vmware,tcp-loopback-64MiB,3,False,0.0313237,0.0,2043.1814,0,True,True,A37D9D1B3FC22D5539C51C3DC364B7C1BAA0061913B72EFEF8183E020D464E0D,False,0,windows1-off-pre-no-vmware-net-03-20260915T201444224Z.json,True
windows1-off-pre-no-vmware-net-04-20260915T201449146Z,off-pre-no-vmware,tcp-loopback-64MiB,4,False,0.0279006,0.0,2293.8575,0,True,True,A37D9D1B3FC22D5539C51C3DC364B7C1BAA0061913B72EFEF8183E020D464E0D,False,0,windows1-off-pre-no-vmware-net-04-20260915T201449146Z.json,True
windows1-off-pre-no-vmware-net-05-20260915T201451616Z,off-pre-no-vmware,tcp-loopback-64MiB,5,False,0.0279895,0.0,2286.5718,0,True,True,A37D9D1B3FC22D5539C51C3DC364B7C1BAA0061913B72EFEF8183E020D464E0D,False,0,windows1-off-pre-no-vmware-net-05-20260915T201451616Z.json,True
windows1-off-pre-no-vmware-net-06-20260915T201452335Z,off-pre-no-vmware,tcp-loopback-64MiB,6,False,0.0284975,0.0,2245.811,0,True,True,A37D9D1B3FC22D5539C51C3DC364B7C1BAA0061913B72EFEF8183E020D464E0D,False,0,windows1-off-pre-no-vmware-net-06-20260915T201452335Z.json,True
windows1-off-pre-no-vmware-net-07-20260915T201454617Z,off-pre-no-vmware,tcp-loopback-64MiB,7,False,0.0270866,0.0,2362.7919,0,True,True,A37D9D1B3FC22D5539C51C3DC364B7C1BAA0061913B72EFEF8183E020D464E0D,False,0,windows1-off-pre-no-vmware-net-07-20260915T201454617Z.json,True
windows1-off-pre-no-vmware-ping-00-20260915T201438145Z,off-pre-no-vmware,tcp-loopback-rtt-1B,0,True,0.0254073,12703.65,0.0,0,True,True,A37D9D1B3FC22D5539C51C3DC364B7C1BAA0061913B72EFEF8183E020D464E0D,False,0,windows1-off-pre-no-vmware-ping-00-20260915T201438145Z.json,True
windows1-off-pre-no-vmware-ping-01-20260915T201439411Z,off-pre-no-vmware,tcp-loopback-rtt-1B,1,False,0.0235019,11750.95,0.0,0,True,True,A37D9D1B3FC22D5539C51C3DC364B7C1BAA0061913B72EFEF8183E020D464E0D,False,0,windows1-off-pre-no-vmware-ping-01-20260915T201439411Z.json,True
windows1-off-pre-no-vmware-ping-02-20260915T201441521Z,off-pre-no-vmware,tcp-loopback-rtt-1B,2,False,0.025628,12814.0,0.0,0,True,True,A37D9D1B3FC22D5539C51C3DC364B7C1BAA0061913B72EFEF8183E020D464E0D,False,0,windows1-off-pre-no-vmware-ping-02-20260915T201441521Z.json,True
windows1-off-pre-no-vmware-ping-03-20260915T201444521Z,off-pre-no-vmware,tcp-loopback-rtt-1B,3,False,0.0260577,13028.85,0.0,0,True,True,A37D9D1B3FC22D5539C51C3DC364B7C1BAA0061913B72EFEF8183E020D464E0D,False,0,windows1-off-pre-no-vmware-ping-03-20260915T201444521Z.json,True
windows1-off-pre-no-vmware-ping-04-20260915T201447302Z,off-pre-no-vmware,tcp-loopback-rtt-1B,4,False,0.0237352,11867.6,0.0,0,True,True,A37D9D1B3FC22D5539C51C3DC364B7C1BAA0061913B72EFEF8183E020D464E0D,False,0,windows1-off-pre-no-vmware-ping-04-20260915T201447302Z.json,True
windows1-off-pre-no-vmware-ping-05-20260915T201451522Z,off-pre-no-vmware,tcp-loopback-rtt-1B,5,False,0.0232592,11629.6,0.0,0,True,True,A37D9D1B3FC22D5539C51C3DC364B7C1BAA0061913B72EFEF8183E020D464E0D,False,0,windows1-off-pre-no-vmware-ping-05-20260915T201451522Z.json,True
windows1-off-pre-no-vmware-ping-06-20260915T201451881Z,off-pre-no-vmware,tcp-loopback-rtt-1B,6,False,0.0243959,12197.95,0.0,0,True,True,A37D9D1B3FC22D5539C51C3DC364B7C1BAA0061913B72EFEF8183E020D464E0D,False,0,windows1-off-pre-no-vmware-ping-06-20260915T201451881Z.json,True
windows1-off-pre-no-vmware-ping-07-20260915T201456821Z,off-pre-no-vmware,tcp-loopback-rtt-1B,7,False,0.0241899,12094.95,0.0,0,True,True,A37D9D1B3FC22D5539C51C3DC364B7C1BAA0061913B72EFEF8183E020D464E0D,False,0,windows1-off-pre-no-vmware-ping-07-20260915T201456821Z.json,True
windows1-on-no-vmware-cpu-00-20260915T201504736Z,on-no-vmware,integer-xorshift,0,True,0.1228089,1.2281,0.0,0,True,True,A37D9D1B3FC22D5539C51C3DC364B7C1BAA0061913B72EFEF8183E020D464E0D,False,2983,windows1-on-no-vmware-cpu-00-20260915T201504736Z.json,True
windows1-on-no-vmware-cpu-01-20260915T201505658Z,on-no-vmware,integer-xorshift,1,False,0.1257532,1.2575,0.0,0,True,True,A37D9D1B3FC22D5539C51C3DC364B7C1BAA0061913B72EFEF8183E020D464E0D,False,2366,windows1-on-no-vmware-cpu-01-20260915T201505658Z.json,True
windows1-on-no-vmware-cpu-02-20260915T201510893Z,on-no-vmware,integer-xorshift,2,False,0.123577,1.2358,0.0,0,True,True,A37D9D1B3FC22D5539C51C3DC364B7C1BAA0061913B72EFEF8183E020D464E0D,False,2783,windows1-on-no-vmware-cpu-02-20260915T201510893Z.json,True
windows1-on-no-vmware-cpu-03-20260915T201511627Z,on-no-vmware,integer-xorshift,3,False,0.1261492,1.2615,0.0,0,True,True,A37D9D1B3FC22D5539C51C3DC364B7C1BAA0061913B72EFEF8183E020D464E0D,False,12921,windows1-on-no-vmware-cpu-03-20260915T201511627Z.json,True
windows1-on-no-vmware-cpu-04-20260915T201516989Z,on-no-vmware,integer-xorshift,4,False,0.1263788,1.2638,0.0,0,True,True,A37D9D1B3FC22D5539C51C3DC364B7C1BAA0061913B72EFEF8183E020D464E0D,False,2603,windows1-on-no-vmware-cpu-04-20260915T201516989Z.json,True
windows1-on-no-vmware-cpu-05-20260915T201521613Z,on-no-vmware,integer-xorshift,5,False,0.1352276,1.3523,0.0,0,True,True,A37D9D1B3FC22D5539C51C3DC364B7C1BAA0061913B72EFEF8183E020D464E0D,False,712,windows1-on-no-vmware-cpu-05-20260915T201521613Z.json,True
windows1-on-no-vmware-cpu-06-20260915T201524786Z,on-no-vmware,integer-xorshift,6,False,0.1239571,1.2396,0.0,0,True,True,A37D9D1B3FC22D5539C51C3DC364B7C1BAA0061913B72EFEF8183E020D464E0D,False,24204,windows1-on-no-vmware-cpu-06-20260915T201524786Z.json,True
windows1-on-no-vmware-cpu-07-20260915T201532346Z,on-no-vmware,integer-xorshift,7,False,0.1240247,1.2402,0.0,0,True,True,A37D9D1B3FC22D5539C51C3DC364B7C1BAA0061913B72EFEF8183E020D464E0D,False,15728,windows1-on-no-vmware-cpu-07-20260915T201532346Z.json,True
windows1-on-no-vmware-cpuid-00-20260915T201504220Z,on-no-vmware,cpuid-leaf0,0,True,0.3462126,3462.126,0.0,0,True,True,A37D9D1B3FC22D5539C51C3DC364B7C1BAA0061913B72EFEF8183E020D464E0D,False,102054,windows1-on-no-vmware-cpuid-00-20260915T201504220Z.json,True
windows1-on-no-vmware-cpuid-01-20260915T201505251Z,on-no-vmware,cpuid-leaf0,1,False,0.3447485,3447.485,0.0,0,True,True,A37D9D1B3FC22D5539C51C3DC364B7C1BAA0061913B72EFEF8183E020D464E0D,False,113715,windows1-on-no-vmware-cpuid-01-20260915T201505251Z.json,True
windows1-on-no-vmware-cpuid-02-20260915T201510471Z,on-no-vmware,cpuid-leaf0,2,False,0.3555495,3555.495,0.0,0,True,True,A37D9D1B3FC22D5539C51C3DC364B7C1BAA0061913B72EFEF8183E020D464E0D,False,102533,windows1-on-no-vmware-cpuid-02-20260915T201510471Z.json,True
windows1-on-no-vmware-cpuid-03-20260915T201511096Z,on-no-vmware,cpuid-leaf0,3,False,0.3469456,3469.456,0.0,0,True,True,A37D9D1B3FC22D5539C51C3DC364B7C1BAA0061913B72EFEF8183E020D464E0D,False,116188,windows1-on-no-vmware-cpuid-03-20260915T201511096Z.json,True
windows1-on-no-vmware-cpuid-04-20260915T201514441Z,on-no-vmware,cpuid-leaf0,4,False,0.3455319,3455.319,0.0,0,True,True,A37D9D1B3FC22D5539C51C3DC364B7C1BAA0061913B72EFEF8183E020D464E0D,False,115083,windows1-on-no-vmware-cpuid-04-20260915T201514441Z.json,True
windows1-on-no-vmware-cpuid-05-20260915T201517442Z,on-no-vmware,cpuid-leaf0,5,False,0.3720753,3720.753,0.0,0,True,True,A37D9D1B3FC22D5539C51C3DC364B7C1BAA0061913B72EFEF8183E020D464E0D,False,104206,windows1-on-no-vmware-cpuid-05-20260915T201517442Z.json,True
windows1-on-no-vmware-cpuid-06-20260915T201522161Z,on-no-vmware,cpuid-leaf0,6,False,0.3463733,3463.733,0.0,0,True,True,A37D9D1B3FC22D5539C51C3DC364B7C1BAA0061913B72EFEF8183E020D464E0D,False,102021,windows1-on-no-vmware-cpuid-06-20260915T201522161Z.json,True
windows1-on-no-vmware-cpuid-07-20260915T201542200Z,on-no-vmware,cpuid-leaf0,7,False,0.3464577,3464.577,0.0,0,True,True,A37D9D1B3FC22D5539C51C3DC364B7C1BAA0061913B72EFEF8183E020D464E0D,False,102480,windows1-on-no-vmware-cpuid-07-20260915T201542200Z.json,True
windows1-on-no-vmware-disk-00-20260915T201502314Z,on-no-vmware,disk-direct-write-64MiB,0,True,0.0462776,723087.5,1382.9585,0,True,True,A37D9D1B3FC22D5539C51C3DC364B7C1BAA0061913B72EFEF8183E020D464E0D,False,1139,windows1-on-no-vmware-disk-00-20260915T201502314Z.json,True
windows1-on-no-vmware-disk-00-20260915T201502314Z,on-no-vmware,disk-direct-read-64MiB,0,True,0.0324054,506334.375,1974.9795,0,True,True,A37D9D1B3FC22D5539C51C3DC364B7C1BAA0061913B72EFEF8183E020D464E0D,False,1139,windows1-on-no-vmware-disk-00-20260915T201502314Z.json,True
windows1-on-no-vmware-disk-01-20260915T201505939Z,on-no-vmware,disk-direct-write-64MiB,1,False,0.0516865,807601.5625,1238.2344,0,True,True,A37D9D1B3FC22D5539C51C3DC364B7C1BAA0061913B72EFEF8183E020D464E0D,False,28887,windows1-on-no-vmware-disk-01-20260915T201505939Z.json,True
windows1-on-no-vmware-disk-01-20260915T201505939Z,on-no-vmware,disk-direct-read-64MiB,1,False,0.0334748,523043.75,1911.886,0,True,True,A37D9D1B3FC22D5539C51C3DC364B7C1BAA0061913B72EFEF8183E020D464E0D,False,28887,windows1-on-no-vmware-disk-01-20260915T201505939Z.json,True
windows1-on-no-vmware-disk-02-20260915T201508377Z,on-no-vmware,disk-direct-write-64MiB,2,False,0.0330923,517067.1875,1933.9846,0,True,True,A37D9D1B3FC22D5539C51C3DC364B7C1BAA0061913B72EFEF8183E020D464E0D,False,17113,windows1-on-no-vmware-disk-02-20260915T201508377Z.json,True
windows1-on-no-vmware-disk-02-20260915T201508377Z,on-no-vmware,disk-direct-read-64MiB,2,False,0.0309307,483292.1875,2069.1417,0,True,True,A37D9D1B3FC22D5539C51C3DC364B7C1BAA0061913B72EFEF8183E020D464E0D,False,17113,windows1-on-no-vmware-disk-02-20260915T201508377Z.json,True
windows1-on-no-vmware-disk-03-20260915T201512236Z,on-no-vmware,disk-direct-write-64MiB,3,False,0.0319699,499529.6875,2001.883,0,True,True,A37D9D1B3FC22D5539C51C3DC364B7C1BAA0061913B72EFEF8183E020D464E0D,False,29318,windows1-on-no-vmware-disk-03-20260915T201512236Z.json,True
windows1-on-no-vmware-disk-03-20260915T201512236Z,on-no-vmware,disk-direct-read-64MiB,3,False,0.0321091,501704.6875,1993.2044,0,True,True,A37D9D1B3FC22D5539C51C3DC364B7C1BAA0061913B72EFEF8183E020D464E0D,False,29318,windows1-on-no-vmware-disk-03-20260915T201512236Z.json,True
windows1-on-no-vmware-disk-04-20260915T201514300Z,on-no-vmware,disk-direct-write-64MiB,4,False,0.0376211,587829.6875,1701.173,0,True,True,A37D9D1B3FC22D5539C51C3DC364B7C1BAA0061913B72EFEF8183E020D464E0D,False,9686,windows1-on-no-vmware-disk-04-20260915T201514300Z.json,True
windows1-on-no-vmware-disk-04-20260915T201514300Z,on-no-vmware,disk-direct-read-64MiB,4,False,0.0315332,492706.25,2029.6069,0,True,True,A37D9D1B3FC22D5539C51C3DC364B7C1BAA0061913B72EFEF8183E020D464E0D,False,9686,windows1-on-no-vmware-disk-04-20260915T201514300Z.json,True
windows1-on-no-vmware-disk-05-20260915T201517895Z,on-no-vmware,disk-direct-write-64MiB,5,False,1.2931147,20204917.1875,49.4929,0,True,True,A37D9D1B3FC22D5539C51C3DC364B7C1BAA0061913B72EFEF8183E020D464E0D,False,21645,windows1-on-no-vmware-disk-05-20260915T201517895Z.json,True
windows1-on-no-vmware-disk-05-20260915T201517895Z,on-no-vmware,disk-direct-read-64MiB,5,False,0.0347106,542353.125,1843.8172,0,True,True,A37D9D1B3FC22D5539C51C3DC364B7C1BAA0061913B72EFEF8183E020D464E0D,False,21645,windows1-on-no-vmware-disk-05-20260915T201517895Z.json,True
windows1-on-no-vmware-disk-06-20260915T201524973Z,on-no-vmware,disk-direct-write-64MiB,6,False,7.2611895,113456085.9375,8.814,0,True,True,A37D9D1B3FC22D5539C51C3DC364B7C1BAA0061913B72EFEF8183E020D464E0D,False,34858,windows1-on-no-vmware-disk-06-20260915T201524973Z.json,True
windows1-on-no-vmware-disk-06-20260915T201524973Z,on-no-vmware,disk-direct-read-64MiB,6,False,0.040269,629203.125,1589.3119,0,True,True,A37D9D1B3FC22D5539C51C3DC364B7C1BAA0061913B72EFEF8183E020D464E0D,False,34858,windows1-on-no-vmware-disk-06-20260915T201524973Z.json,True
windows1-on-no-vmware-disk-07-20260915T201534533Z,on-no-vmware,disk-direct-write-64MiB,7,False,7.4124,115818750.0,8.6342,0,True,True,A37D9D1B3FC22D5539C51C3DC364B7C1BAA0061913B72EFEF8183E020D464E0D,False,3432,windows1-on-no-vmware-disk-07-20260915T201534533Z.json,True
windows1-on-no-vmware-disk-07-20260915T201534533Z,on-no-vmware,disk-direct-read-64MiB,7,False,0.1044081,1631376.5625,612.9793,0,True,True,A37D9D1B3FC22D5539C51C3DC364B7C1BAA0061913B72EFEF8183E020D464E0D,False,3432,windows1-on-no-vmware-disk-07-20260915T201534533Z.json,True
windows1-on-no-vmware-latency-00-20260915T201502469Z,on-no-vmware,pointer-chase-64MiB,0,True,0.7573531,90.2835,0.0,0,True,True,A37D9D1B3FC22D5539C51C3DC364B7C1BAA0061913B72EFEF8183E020D464E0D,False,15659,windows1-on-no-vmware-latency-00-20260915T201502469Z.json,True
windows1-on-no-vmware-latency-01-20260915T201506408Z,on-no-vmware,pointer-chase-64MiB,1,False,0.7562492,90.1519,0.0,0,True,True,A37D9D1B3FC22D5539C51C3DC364B7C1BAA0061913B72EFEF8183E020D464E0D,False,14931,windows1-on-no-vmware-latency-01-20260915T201506408Z.json,True
windows1-on-no-vmware-latency-02-20260915T201508518Z,on-no-vmware,pointer-chase-64MiB,2,False,0.768269,91.5848,0.0,0,True,True,A37D9D1B3FC22D5539C51C3DC364B7C1BAA0061913B72EFEF8183E020D464E0D,False,15479,windows1-on-no-vmware-latency-02-20260915T201508518Z.json,True
windows1-on-no-vmware-latency-03-20260915T201512377Z,on-no-vmware,pointer-chase-64MiB,3,False,0.7411755,88.355,0.0,0,True,True,A37D9D1B3FC22D5539C51C3DC364B7C1BAA0061913B72EFEF8183E020D464E0D,False,1384,windows1-on-no-vmware-latency-03-20260915T201512377Z.json,True
windows1-on-no-vmware-latency-04-20260915T201514957Z,on-no-vmware,pointer-chase-64MiB,4,False,0.8814816,105.0808,0.0,0,True,True,A37D9D1B3FC22D5539C51C3DC364B7C1BAA0061913B72EFEF8183E020D464E0D,False,2304,windows1-on-no-vmware-latency-04-20260915T201514957Z.json,True
windows1-on-no-vmware-latency-05-20260915T201519301Z,on-no-vmware,pointer-chase-64MiB,5,False,0.8041893,95.8668,0.0,0,True,True,A37D9D1B3FC22D5539C51C3DC364B7C1BAA0061913B72EFEF8183E020D464E0D,False,20666,windows1-on-no-vmware-latency-05-20260915T201519301Z.json,True
windows1-on-no-vmware-latency-06-20260915T201522958Z,on-no-vmware,pointer-chase-64MiB,6,False,0.7994775,95.3051,0.0,0,True,True,A37D9D1B3FC22D5539C51C3DC364B7C1BAA0061913B72EFEF8183E020D464E0D,False,2219,windows1-on-no-vmware-latency-06-20260915T201522958Z.json,True
windows1-on-no-vmware-latency-07-20260915T201532755Z,on-no-vmware,pointer-chase-64MiB,7,False,0.7493873,89.3339,0.0,0,True,True,A37D9D1B3FC22D5539C51C3DC364B7C1BAA0061913B72EFEF8183E020D464E0D,False,15465,windows1-on-no-vmware-latency-07-20260915T201532755Z.json,True
windows1-on-no-vmware-memory-00-20260915T201504923Z,on-no-vmware,memcpy-32MiB,0,True,0.1472079,2300123.4375,13912.2968,0,True,True,A37D9D1B3FC22D5539C51C3DC364B7C1BAA0061913B72EFEF8183E020D464E0D,False,1279,windows1-on-no-vmware-memory-00-20260915T201504923Z.json,True
windows1-on-no-vmware-memory-01-20260915T201506189Z,on-no-vmware,memcpy-32MiB,1,False,0.1460445,2281945.3125,14023.1231,0,True,True,A37D9D1B3FC22D5539C51C3DC364B7C1BAA0061913B72EFEF8183E020D464E0D,False,19002,windows1-on-no-vmware-memory-01-20260915T201506189Z.json,True
windows1-on-no-vmware-memory-02-20260915T201510236Z,on-no-vmware,memcpy-32MiB,2,False,0.1582158,2472121.875,12944.3456,0,True,True,A37D9D1B3FC22D5539C51C3DC364B7C1BAA0061913B72EFEF8183E020D464E0D,False,15682,windows1-on-no-vmware-memory-02-20260915T201510236Z.json,True
windows1-on-no-vmware-memory-03-20260915T201511940Z,on-no-vmware,memcpy-32MiB,3,False,0.1790327,2797385.9375,11439.251,0,True,True,A37D9D1B3FC22D5539C51C3DC364B7C1BAA0061913B72EFEF8183E020D464E0D,False,15771,windows1-on-no-vmware-memory-03-20260915T201511940Z.json,True
windows1-on-no-vmware-memory-04-20260915T201514066Z,on-no-vmware,memcpy-32MiB,4,False,0.14788,2310625.0,13849.0668,0,True,True,A37D9D1B3FC22D5539C51C3DC364B7C1BAA0061913B72EFEF8183E020D464E0D,False,2180,windows1-on-no-vmware-memory-04-20260915T201514066Z.json,True
windows1-on-no-vmware-memory-05-20260915T201517176Z,on-no-vmware,memcpy-32MiB,5,False,0.1729513,2702364.0625,11841.4837,0,True,True,A37D9D1B3FC22D5539C51C3DC364B7C1BAA0061913B72EFEF8183E020D464E0D,False,15097,windows1-on-no-vmware-memory-05-20260915T201517176Z.json,True
windows1-on-no-vmware-memory-06-20260915T201522583Z,on-no-vmware,memcpy-32MiB,6,False,0.1821669,2846357.8125,11242.4376,0,True,True,A37D9D1B3FC22D5539C51C3DC364B7C1BAA0061913B72EFEF8183E020D464E0D,False,3974,windows1-on-no-vmware-memory-06-20260915T201522583Z.json,True
windows1-on-no-vmware-memory-07-20260915T201542622Z,on-no-vmware,memcpy-32MiB,7,False,0.1894735,2960523.4375,10808.8994,0,True,True,A37D9D1B3FC22D5539C51C3DC364B7C1BAA0061913B72EFEF8183E020D464E0D,False,23420,windows1-on-no-vmware-memory-07-20260915T201542622Z.json,True
windows1-on-no-vmware-net-00-20260915T201505157Z,on-no-vmware,tcp-loopback-64MiB,0,True,0.0272426,0.0,2349.2618,0,True,True,A37D9D1B3FC22D5539C51C3DC364B7C1BAA0061913B72EFEF8183E020D464E0D,False,5064,windows1-on-no-vmware-net-00-20260915T201505157Z.json,True
windows1-on-no-vmware-net-01-20260915T201505845Z,on-no-vmware,tcp-loopback-64MiB,1,False,0.0264542,0.0,2419.2756,0,True,True,A37D9D1B3FC22D5539C51C3DC364B7C1BAA0061913B72EFEF8183E020D464E0D,False,11184,windows1-on-no-vmware-net-01-20260915T201505845Z.json,True
windows1-on-no-vmware-net-02-20260915T201508127Z,on-no-vmware,tcp-loopback-64MiB,2,False,0.0280339,0.0,2282.9503,0,True,True,A37D9D1B3FC22D5539C51C3DC364B7C1BAA0061913B72EFEF8183E020D464E0D,False,10914,windows1-on-no-vmware-net-02-20260915T201508127Z.json,True
windows1-on-no-vmware-net-03-20260915T201511518Z,on-no-vmware,tcp-loopback-64MiB,3,False,0.027732,0.0,2307.8033,0,True,True,A37D9D1B3FC22D5539C51C3DC364B7C1BAA0061913B72EFEF8183E020D464E0D,False,13073,windows1-on-no-vmware-net-03-20260915T201511518Z.json,True
windows1-on-no-vmware-net-04-20260915T201516895Z,on-no-vmware,tcp-loopback-64MiB,4,False,0.0287086,0.0,2229.2971,0,True,True,A37D9D1B3FC22D5539C51C3DC364B7C1BAA0061913B72EFEF8183E020D464E0D,False,10991,windows1-on-no-vmware-net-04-20260915T201516895Z.json,True
windows1-on-no-vmware-net-05-20260915T201521301Z,on-no-vmware,tcp-loopback-64MiB,5,False,0.0303516,0.0,2108.6203,0,True,True,A37D9D1B3FC22D5539C51C3DC364B7C1BAA0061913B72EFEF8183E020D464E0D,False,18512,windows1-on-no-vmware-net-05-20260915T201521301Z.json,True
windows1-on-no-vmware-net-06-20260915T201522848Z,on-no-vmware,tcp-loopback-64MiB,6,False,0.0311883,0.0,2052.0516,0,True,True,A37D9D1B3FC22D5539C51C3DC364B7C1BAA0061913B72EFEF8183E020D464E0D,False,12788,windows1-on-no-vmware-net-06-20260915T201522848Z.json,True
windows1-on-no-vmware-net-07-20260915T201532642Z,on-no-vmware,tcp-loopback-64MiB,7,False,0.0285806,0.0,2239.2812,0,True,True,A37D9D1B3FC22D5539C51C3DC364B7C1BAA0061913B72EFEF8183E020D464E0D,False,12042,windows1-on-no-vmware-net-07-20260915T201532642Z.json,True
windows1-on-no-vmware-ping-00-20260915T201504642Z,on-no-vmware,tcp-loopback-rtt-1B,0,True,0.0339485,16974.25,0.0,0,True,True,A37D9D1B3FC22D5539C51C3DC364B7C1BAA0061913B72EFEF8183E020D464E0D,False,3526,windows1-on-no-vmware-ping-00-20260915T201504642Z.json,True
windows1-on-no-vmware-ping-01-20260915T201506080Z,on-no-vmware,tcp-loopback-rtt-1B,1,False,0.0333651,16682.55,0.0,0,True,True,A37D9D1B3FC22D5539C51C3DC364B7C1BAA0061913B72EFEF8183E020D464E0D,False,9449,windows1-on-no-vmware-ping-01-20260915T201506080Z.json,True
windows1-on-no-vmware-ping-02-20260915T201508252Z,on-no-vmware,tcp-loopback-rtt-1B,2,False,0.0359819,17990.95,0.0,0,True,True,A37D9D1B3FC22D5539C51C3DC364B7C1BAA0061913B72EFEF8183E020D464E0D,False,12301,windows1-on-no-vmware-ping-02-20260915T201508252Z.json,True
windows1-on-no-vmware-ping-03-20260915T201511815Z,on-no-vmware,tcp-loopback-rtt-1B,3,False,0.0315685,15784.25,0.0,0,True,True,A37D9D1B3FC22D5539C51C3DC364B7C1BAA0061913B72EFEF8183E020D464E0D,False,13717,windows1-on-no-vmware-ping-03-20260915T201511815Z.json,True
windows1-on-no-vmware-ping-04-20260915T201514847Z,on-no-vmware,tcp-loopback-rtt-1B,4,False,0.0353946,17697.3,0.0,0,True,True,A37D9D1B3FC22D5539C51C3DC364B7C1BAA0061913B72EFEF8183E020D464E0D,False,13072,windows1-on-no-vmware-ping-04-20260915T201514847Z.json,True
windows1-on-no-vmware-ping-05-20260915T201521192Z,on-no-vmware,tcp-loopback-rtt-1B,5,False,0.0378881,18944.05,0.0,0,True,True,A37D9D1B3FC22D5539C51C3DC364B7C1BAA0061913B72EFEF8183E020D464E0D,False,1466,windows1-on-no-vmware-ping-05-20260915T201521192Z.json,True
windows1-on-no-vmware-ping-06-20260915T201521812Z,on-no-vmware,tcp-loopback-rtt-1B,6,False,0.0329268,16463.4,0.0,0,True,True,A37D9D1B3FC22D5539C51C3DC364B7C1BAA0061913B72EFEF8183E020D464E0D,False,14076,windows1-on-no-vmware-ping-06-20260915T201521812Z.json,True
windows1-on-no-vmware-ping-07-20260915T201542903Z,on-no-vmware,tcp-loopback-rtt-1B,7,False,0.0382062,19103.1,0.0,0,True,True,A37D9D1B3FC22D5539C51C3DC364B7C1BAA0061913B72EFEF8183E020D464E0D,False,4342,windows1-on-no-vmware-ping-07-20260915T201542903Z.json,True
